{
  "paired_t_test": {
    "t_statistic": 2.273363542617027,
    "p_value": 0.024072037656714982,
    "cohens_d": 0.16075107770867725
  },
  "anova": {
    "f_statistic": 0.9831714113601125,
    "p_value": 0.4292084129128181,
    "eta_squared": 0.024713248755210266
  },
  "correlation": {
    "no_prep": 0.5304699058916692,
    "with_prep": 0.5212042313580225
  }
}